,languages_sent
0,{}
1,{'en': 2}
2,{'en': 3}
3,{'en': 4}
4,"{'en': 1, 'tr': 1}"
5,{'en': 1}
6,"{'en': 2, 'id': 1}"
7,"{'en': 3, 'id': 1}"
8,"{'et': 1, 'tr': 1}"
9,{'id': 4}
10,{'en': 4}
11,"{'id': 4, 'en': 2, 'tr': 1}"
12,{'en': 1}
13,{'en': 9}
14,{'en': 2}
15,"{'en': 5, 'tl': 1}"
16,{'en': 4}
17,{'en': 10}
18,{'en': 6}
19,{'en': 1}
20,{}
21,{'id': 1}
22,{'en': 3}
23,"{'en': 10, 'pt': 1, 'id': 1}"
24,{}
25,{'en': 8}
26,{'en': 13}
27,"{'id': 4, 'cy': 1, 'tr': 1}"
28,{'en': 2}
29,"{'en': 3, 'tr': 1}"
30,"{'en': 5, 'tr': 1}"
31,{'en': 3}
32,"{'id': 2, 'es': 1}"
33,"{'en': 3, 'pl': 1, 'sq': 1}"
34,{'en': 16}
35,{'en': 3}
36,{'en': 1}
37,"{'en': 11, 'id': 2, 'da': 1, 'et': 1}"
38,{'en': 5}
39,{'en': 6}
40,{'en': 1}
41,{'en': 3}
42,"{'en': 5, 'sw': 1, 'id': 1, 'af': 1}"
43,{'en': 1}
44,{'en': 2}
45,"{'en': 12, 'id': 2, 'it': 1}"
46,{'en': 1}
47,{'en': 1}
48,"{'en': 11, 'tr': 1}"
49,"{'en': 9, 'tl': 1, 'so': 1}"
50,{'en': 2}
51,"{'en': 4, 'tl': 3, 'nl': 1}"
52,{'ko': 2}
53,{'en': 5}
54,"{'en': 7, 'id': 2, 'nl': 1, 'sv': 1}"
55,{'en': 2}
56,{'en': 2}
57,"{'en': 5, 'af': 1}"
58,{'en': 1}
59,{'en': 4}
60,{'en': 28}
61,{'en': 10}
62,{'id': 1}
63,{'en': 3}
64,{'es': 5}
65,{'es': 1}
66,{'es': 1}
67,{}
68,"{'en': 1, 'id': 1}"
69,{}
70,"{'en': 6, 'tr': 1, 'id': 1, 'cy': 1}"
71,"{'en': 5, 'id': 1}"
72,"{'en': 5, 'id': 1}"
73,{'en': 1}
74,{'en': 6}
75,{'en': 4}
76,{'en': 3}
77,{'en': 6}
78,{'en': 11}
79,{}
80,{'en': 3}
81,{}
82,{'en': 2}
83,{'en': 2}
84,{'en': 2}
85,"{'en': 11, 'it': 1}"
86,{'en': 5}
87,{}
88,{'en': 11}
89,"{'en': 6, 'pl': 2, 'da': 1, 'nl': 1}"
90,"{'so': 1, 'en': 1}"
91,{'en': 8}
92,{'en': 1}
93,{'en': 5}
94,{}
95,"{'en': 10, 'cy': 1}"
96,{'en': 6}
97,{'en': 3}
98,{'en': 24}
99,{'en': 1}
100,"{'id': 1, 'en': 1, 'tr': 1}"
101,{'en': 4}
102,"{'en': 4, 'id': 1, 'so': 1, 'no': 1}"
103,{'cy': 1}
104,{'en': 1}
105,{'en': 1}
106,{'en': 1}
107,"{'es': 6, 'hr': 1, 'en': 1}"
108,{'en': 2}
109,{'en': 19}
110,"{'en': 11, 'es': 2}"
111,"{'ko': 1, 'fi': 1}"
112,"{'id': 2, 'tr': 1}"
113,{'en': 1}
114,{'en': 2}
115,{'en': 1}
116,{'en': 4}
117,"{'en': 2, 'ko': 2}"
118,"{'id': 1, 'ko': 1}"
119,"{'en': 20, 'tl': 4, 'so': 2, 'id': 2}"
120,"{'ko': 4, 'fr': 1, 'en': 1, 'id': 1}"
121,{'en': 1}
122,{'ko': 2}
123,{'ko': 1}
124,{'en': 1}
125,"{'ko': 1, 'en': 1}"
126,"{'ko': 11, 'tr': 2, 'id': 1}"
127,{'ko': 1}
128,"{'ko': 4, 'en': 2}"
129,"{'en': 9, 'fr': 1}"
130,"{'es': 8, 'so': 1, 'ca': 1}"
131,"{'es': 2, 'id': 1, 'tr': 1}"
132,"{'cy': 8, 'es': 5, 'so': 1}"
133,"{'es': 7, 'so': 1}"
134,{'es': 4}
135,{}
136,{'it': 1}
137,"{'es': 3, 'id': 1, 'pt': 1, 'sw': 1}"
138,{'es': 2}
139,"{'es': 2, 'no': 1}"
140,"{'pt': 1, 'es': 1}"
141,"{'es': 4, 'pt': 1, 'fr': 1}"
142,"{'es': 8, 'it': 1}"
143,"{'id': 1, 'es': 1}"
144,{}
145,{}
146,{'es': 7}
147,{'es': 4}
148,"{'es': 5, 'en': 1, 'pt': 1}"
149,"{'es': 4, 'tr': 1, 'fr': 1}"
150,"{'es': 2, 'id': 1}"
151,{'en': 2}
152,"{'en': 1, 'es': 1}"
153,"{'es': 2, 'cy': 1, 'af': 1}"
154,{'es': 1}
155,{'en': 7}
156,"{'en': 5, 'ro': 1, 'sl': 1}"
157,{'en': 7}
158,"{'en': 6, 'it': 1, 'cs': 1}"
159,"{'en': 4, 'id': 1, 'tr': 1}"
160,{'en': 3}
161,{'sw': 2}
162,{}
163,{}
164,{'en': 1}
165,{'en': 1}
166,{}
167,{}
168,"{'id': 4, 'en': 2}"
169,"{'en': 8, 'tr': 1, 'id': 1}"
170,{'en': 2}
171,{}
172,"{'en': 15, 'af': 1, 'fi': 1}"
173,{'en': 4}
174,"{'en': 12, 'de': 1, 'fr': 1}"
175,{'en': 5}
176,{'en': 1}
177,"{'en': 14, 'af': 1}"
178,{'en': 1}
179,"{'en': 4, 'et': 1, 'so': 1}"
180,{'en': 2}
181,{'en': 5}
182,{'en': 1}
183,{'en': 6}
184,{}
185,{'en': 1}
186,{'en': 6}
187,"{'en': 12, 'tl': 1}"
188,{'en': 1}
189,{'en': 1}
190,{'en': 4}
191,{'en': 4}
192,{}
193,{'cy': 2}
194,{}
195,{'en': 22}
196,{'en': 16}
197,{'en': 5}
198,{}
199,{'en': 6}
200,{'en': 7}
201,{'en': 2}
202,{'en': 4}
203,{'en': 7}
204,{'en': 14}
205,{}
206,{'en': 6}
207,{'en': 2}
208,{'en': 1}
209,{'en': 1}
210,{'en': 18}
211,"{'en': 1, 'tr': 1}"
212,"{'en': 4, 'id': 1}"
213,{'en': 4}
214,{}
215,{'tl': 2}
216,{'en': 3}
217,"{'en': 2, 'id': 2}"
218,{'en': 3}
219,{'en': 1}
220,{'en': 1}
221,{}
222,"{'en': 13, 'sw': 1}"
223,"{'en': 2, 'cy': 1}"
224,{'en': 4}
225,"{'en': 1, 'tr': 1}"
226,"{'en': 3, 'tl': 1}"
227,"{'en': 5, 'id': 3, 'tr': 1}"
228,{}
229,{'en': 1}
230,{'en': 4}
231,{}
232,"{'en': 7, 'pt': 1}"
233,{'en': 4}
234,"{'en': 5, 'tr': 1}"
235,"{'en': 9, 'cy': 1}"
236,"{'en': 27, 'da': 1}"
237,"{'en': 12, 'tl': 1, 'af': 1}"
238,"{'en': 2, 'id': 1}"
239,{'en': 6}
240,{'en': 6}
241,"{'en': 3, 'cy': 2}"
242,"{'en': 3, 'pt': 1}"
243,{'id': 1}
244,{'en': 5}
245,"{'en': 4, 'id': 1, 'tr': 1}"
246,"{'en': 6, 'so': 1, 'af': 1}"
247,{'en': 14}
248,{'en': 4}
249,{'en': 5}
250,{'en': 8}
251,{'en': 2}
252,"{'en': 11, 'tl': 1}"
253,"{'en': 22, 'nl': 1}"
254,{'en': 7}
255,"{'en': 6, 'hr': 1}"
256,{'en': 3}
257,{'en': 10}
258,{'en': 2}
259,{'en': 15}
260,{'en': 1}
261,{'en': 4}
262,"{'en': 4, 'af': 1}"
263,{'en': 1}
264,"{'en': 3, 'cy': 2, 'cs': 1}"
265,"{'en': 4, 'tr': 2}"
266,"{'en': 3, 'fi': 1}"
267,"{'en': 4, 'nl': 1}"
268,"{'es': 1, 'en': 1}"
269,{'en': 2}
270,"{'en': 9, 'sl': 1}"
271,"{'en': 1, 'tr': 1, 'id': 1}"
272,{}
273,{'es': 2}
274,"{'en': 8, 'de': 1}"
275,{'en': 3}
276,{'en': 1}
277,"{'id': 1, 'tr': 1}"
278,"{'en': 31, 'tl': 2, 'de': 1, 'sw': 1}"
279,{'en': 7}
280,"{'en': 4, 'pt': 1}"
281,{'en': 1}
282,{'en': 1}
283,"{'en': 5, 'da': 1}"
284,{'en': 1}
285,"{'en': 5, 'fr': 1, 'nl': 1, 'id': 1}"
286,"{'id': 1, 'en': 1, 'tl': 1}"
287,{}
288,{'en': 14}
289,{'en': 1}
290,{'en': 2}
291,"{'en': 1, 'id': 1}"
292,"{'en': 5, 'id': 2, 'vi': 1, 'tr': 1}"
293,"{'en': 6, 'id': 1, 'ca': 1}"
294,"{'en': 4, 'sv': 1, 'nl': 1}"
295,"{'en': 4, 'sv': 1}"
296,{'en': 2}
297,{'en': 2}
298,"{'en': 5, 'fr': 1}"
299,"{'en': 4, 'so': 1, 'cy': 1}"
300,{}
301,"{'en': 14, 'id': 3, 'tr': 1}"
302,{'vi': 1}
303,"{'en': 3, 'tl': 1}"
304,{}
305,{'en': 2}
306,"{'en': 30, 'it': 4, 'id': 2, 'da': 1, 'pl': 1}"
307,{'en': 1}
308,"{'en': 8, 'so': 1, 'tr': 1}"
309,{'en': 2}
310,"{'en': 9, 'so': 1}"
311,"{'en': 3, 'tr': 1}"
312,{'en': 19}
313,"{'en': 31, 'id': 2}"
314,"{'en': 27, 'tl': 1, 'id': 1}"
315,{'en': 2}
316,{'en': 20}
317,{'en': 8}
318,{'en': 4}
319,"{'en': 7, 'sq': 1, 'fr': 1}"
320,"{'en': 9, 'et': 1}"
321,"{'en': 29, 'cy': 2, 'et': 1}"
322,{'en': 1}
323,{'en': 8}
324,{}
325,{}
326,{'en': 1}
327,"{'en': 12, 'id': 1}"
328,{'en': 1}
329,"{'en': 1, 'id': 1}"
330,{}
331,"{'en': 19, 'tr': 1, 'id': 1}"
332,{'en': 8}
333,"{'en': 9, 'so': 1}"
334,{}
335,{'en': 11}
336,{}
337,{}
338,{'de': 1}
339,"{'en': 10, 'cy': 1, 'pl': 1, 'id': 1}"
340,{}
341,"{'en': 6, 'id': 1}"
342,"{'en': 23, 'tl': 1}"
343,{'en': 10}
344,"{'en': 6, 'tr': 1}"
345,"{'en': 24, 'pt': 2, 'fr': 1, 'tr': 1, 'tl': 1}"
346,"{'sw': 1, 'so': 1}"
347,"{'en': 13, 'af': 1, 'ro': 1}"
348,"{'id': 1, 'en': 1}"
349,{'en': 6}
350,"{'en': 1, 'id': 1, 'so': 1}"
351,"{'en': 6, 'sv': 1, 'tr': 1}"
352,{'en': 8}
353,{}
354,"{'en': 2, 'es': 1}"
355,{'en': 1}
356,"{'en': 3, 'no': 1}"
357,{}
358,{}
359,"{'en': 2, 'et': 1}"
360,"{'en': 16, 'so': 4, 'fi': 1}"
361,{'en': 2}
362,{}
363,{}
364,"{'en': 1, 'sw': 1}"
365,{'en': 2}
366,{'en': 6}
367,{'en': 2}
368,{'en': 3}
369,"{'en': 26, 'pl': 1, 'es': 1}"
370,{'en': 11}
371,{'en': 2}
372,{'en': 1}
373,{'en': 10}
374,{'en': 4}
375,{'en': 15}
376,"{'en': 3, 'cy': 1}"
377,"{'en': 12, 'id': 2, 'af': 1, 'nl': 1, 'fi': 1}"
378,{'en': 8}
379,"{'en': 11, 'et': 1}"
380,"{'en': 7, 'so': 2}"
381,"{'en': 15, 'no': 2, 'pt': 1, 'it': 1}"
382,{'en': 6}
383,{'en': 3}
384,{'en': 2}
385,"{'id': 1, 'en': 1}"
386,{}
387,"{'en': 5, 'id': 3, 'so': 1, 'nl': 1}"
388,"{'en': 6, 'id': 2}"
389,{'en': 4}
390,{}
391,{'en': 9}
392,{'en': 1}
393,{'en': 3}
394,{'en': 4}
395,{}
396,"{'en': 8, 'tl': 1, 'tr': 1}"
397,{'en': 4}
398,{'es': 1}
399,{'en': 6}
400,"{'en': 3, 'fi': 1}"
401,{}
402,"{'id': 1, 'tr': 1}"
403,{'en': 3}
404,{}
405,"{'en': 8, 'id': 2}"
406,"{'en': 14, 'tr': 1}"
407,{'en': 3}
408,{'en': 3}
409,{}
410,{'tl': 1}
411,{'en': 5}
412,{}
413,"{'en': 1, 'tr': 1}"
414,"{'en': 11, 'id': 4, 'cy': 2}"
415,"{'id': 2, 'tr': 1}"
416,{'en': 1}
417,{'en': 1}
418,"{'id': 3, 'af': 1}"
419,{}
420,"{'en': 2, 'id': 1, 'tr': 1}"
421,"{'en': 12, 'id': 1}"
422,"{'en': 10, 'af': 1, 'tr': 1, 'de': 1}"
423,{}
424,"{'en': 2, 'id': 1}"
425,"{'en': 3, 'nl': 1, 'tr': 1}"
426,"{'en': 4, 'tr': 1}"
427,{'en': 1}
428,"{'en': 6, 'id': 1}"
429,{'en': 5}
430,"{'so': 1, 'en': 1}"
431,{'en': 2}
432,{'en': 2}
433,"{'en': 22, 'tr': 2}"
434,"{'cy': 1, 'en': 1}"
435,{'en': 12}
436,"{'en': 1, 'id': 1, 'fr': 1}"
437,{}
438,"{'en': 12, 'tr': 9, 'id': 8, 'tl': 1}"
439,{'en': 3}
440,"{'en': 12, 'id': 3}"
441,{'en': 5}
442,{'en': 1}
443,{'en': 11}
444,{'en': 8}
445,{'en': 4}
446,{'en': 2}
447,{'en': 1}
448,{'en': 8}
449,{'en': 10}
450,{'en': 6}
451,"{'id': 1, 'tr': 1}"
452,{'en': 13}
453,"{'en': 14, 'ca': 1}"
454,{'en': 9}
455,"{'en': 8, 'es': 1}"
456,"{'en': 16, 'tr': 1, 'id': 1, 'no': 1}"
457,"{'en': 2, 'cy': 1}"
458,"{'en': 3, 'tr': 1, 'sw': 1}"
459,{'en': 1}
460,"{'en': 3, 'id': 1}"
461,{'en': 3}
462,{'en': 2}
463,{'en': 1}
464,{'en': 5}
465,{}
466,{'en': 1}
467,"{'en': 9, 'da': 1}"
468,"{'en': 6, 'da': 1, 'tr': 1}"
469,"{'en': 2, 'ca': 1}"
470,{}
471,"{'en': 1, 'id': 1}"
472,{'en': 3}
473,{'en': 3}
474,{'en': 4}
475,{'en': 22}
476,"{'en': 2, 'fr': 1}"
477,{'en': 1}
478,{'en': 11}
479,{'en': 5}
480,"{'en': 10, 'ro': 1}"
481,"{'en': 10, 'cy': 1, 'fi': 1}"
482,{'en': 1}
483,"{'en': 2, 'fr': 1}"
484,"{'en': 12, 'fr': 2, 'pt': 1}"
485,"{'en': 8, 'no': 1}"
486,{'en': 4}
487,{}
488,{'en': 5}
489,{}
490,{}
491,{'en': 8}
492,"{'en': 7, 'fr': 1, 'sv': 1, 'af': 1}"
493,"{'en': 3, 'cy': 1, 'tl': 1}"
494,{'en': 2}
495,"{'en': 5, 'nl': 1}"
496,{'en': 9}
497,{'en': 5}
498,{'en': 1}
499,{'en': 2}
500,"{'es': 3, 'pt': 1}"
501,"{'id': 5, 'es': 3, 'tr': 1, 'fr': 1}"
502,{'en': 1}
503,{'en': 7}
504,{}
505,"{'en': 20, 'sq': 1}"
506,"{'en': 2, 'no': 1, 'cy': 1}"
507,{'en': 5}
508,{'en': 1}
509,"{'en': 9, 'et': 1}"
510,"{'en': 17, 'id': 3, 'tl': 1}"
511,"{'en': 6, 'so': 2}"
512,{'en': 6}
513,"{'en': 22, 'id': 3, 'so': 1}"
514,{'en': 3}
515,{'en': 5}
516,{'en': 2}
517,{}
518,"{'en': 23, 'sl': 1}"
519,{'en': 4}
520,{'en': 1}
521,{'en': 1}
522,"{'en': 1, 'it': 1}"
523,{'en': 8}
524,"{'en': 6, 'sv': 1}"
525,{}
526,{}
527,{'es': 2}
528,"{'en': 6, 'id': 2, 'tr': 1}"
529,"{'en': 7, 'it': 1, 'so': 1}"
530,{'id': 1}
531,{'en': 4}
532,{'id': 1}
533,{'en': 24}
534,{'en': 5}
535,{}
536,"{'en': 11, 'cy': 1}"
537,{'en': 2}
538,"{'en': 11, 'cy': 1}"
539,"{'en': 12, 'et': 2, 'so': 1, 'no': 1}"
540,"{'en': 14, 'ro': 1}"
541,{'en': 3}
542,"{'en': 15, 'da': 1}"
543,{'en': 1}
544,{'en': 2}
545,{'en': 15}
546,"{'en': 12, 'tr': 2, 'id': 1}"
547,{'en': 5}
548,"{'en': 12, 'pt': 1, 'tr': 1}"
549,"{'en': 8, 'de': 1}"
550,"{'en': 16, 'tr': 1}"
551,{'en': 1}
552,{}
553,{'en': 1}
554,"{'en': 24, 'id': 4}"
555,"{'es': 3, 'en': 3}"
556,"{'en': 5, 'so': 1}"
557,{}
558,"{'en': 5, 'id': 1}"
559,"{'en': 3, 'vi': 1}"
560,{'pl': 1}
561,"{'en': 13, 'cy': 1}"
562,{'en': 3}
563,{}
564,{'en': 1}
565,{'en': 1}
566,{'en': 7}
567,"{'en': 2, 'cy': 1}"
568,{'en': 1}
569,{'en': 2}
570,"{'pt': 2, 'en': 1}"
571,{'en': 3}
572,{}
573,"{'en': 7, 'so': 1, 'sw': 1, 'tr': 1}"
574,"{'en': 3, 'so': 1}"
575,{'en': 8}
576,{'en': 1}
577,{}
578,{'en': 6}
579,"{'en': 5, 'cy': 1}"
580,{'en': 3}
581,"{'en': 7, 'af': 1}"
582,{'en': 1}
583,{'en': 1}
584,{'da': 1}
585,"{'en': 3, 'id': 1, 'cy': 1}"
586,{'en': 1}
587,"{'en': 4, 'id': 3, 'tr': 1}"
588,"{'en': 18, 'et': 2}"
589,{'en': 5}
590,{'en': 6}
591,{'en': 1}
592,{}
593,{'en': 6}
594,{}
595,"{'en': 2, 'no': 1}"
596,{'en': 13}
597,{'en': 4}
598,{'en': 8}
599,{}
600,"{'en': 3, 'af': 1}"
601,{'en': 1}
602,{'en': 3}
603,{'en': 2}
604,{'en': 7}
605,{'en': 20}
606,{'en': 7}
607,"{'en': 4, 'sq': 1}"
608,{'en': 7}
609,"{'en': 20, 'no': 1}"
610,"{'en': 4, 'cy': 1}"
611,{'en': 4}
612,{}
613,{'en': 1}
614,{'en': 1}
615,{'cy': 5}
616,{'en': 3}
617,{'en': 1}
618,{'en': 5}
619,"{'en': 10, 'so': 1, 'id': 1}"
620,{'es': 1}
621,"{'es': 5, 'id': 3, 'ca': 1, 'tr': 1}"
622,{}
623,{'en': 3}
624,{'en': 10}
625,"{'en': 11, 'pt': 1, 'it': 1}"
626,{'en': 6}
627,"{'en': 3, 'it': 1}"
628,{'en': 2}
629,{'en': 11}
630,{'en': 22}
631,{'en': 17}
632,{'en': 2}
633,"{'en': 4, 'id': 1}"
634,{'en': 3}
635,{'en': 4}
636,"{'en': 6, 'id': 1}"
637,{'en': 2}
638,{}
639,{'en': 2}
640,{'en': 1}
641,{'en': 2}
642,{'en': 4}
643,"{'en': 9, 'fr': 1}"
644,{'en': 13}
645,{'no': 1}
646,"{'en': 4, 'no': 1}"
647,"{'en': 6, 'af': 1}"
648,"{'en': 6, 'sw': 1, 'id': 1, 'af': 1}"
649,{}
650,{'en': 3}
651,"{'en': 8, 'af': 3}"
652,{'en': 5}
653,"{'en': 17, 'fr': 1, 'tr': 1, 'so': 1}"
654,{'en': 2}
655,{'en': 7}
656,{'en': 5}
657,{'en': 5}
658,{'en': 1}
659,"{'en': 3, 'tl': 1}"
660,{'en': 2}
661,"{'en': 1, 'de': 1}"
662,"{'en': 24, 'nl': 2, 'cy': 1, 'so': 1, 'id': 1, 'pl': 1}"
663,{}
664,{'en': 2}
665,"{'en': 16, 'nl': 1}"
666,{'cy': 2}
667,{'en': 10}
668,"{'en': 7, 'it': 3, 'so': 2, 'tr': 1, 'tl': 1}"
669,{}
670,"{'en': 13, 'id': 1}"
671,{'en': 1}
672,"{'tl': 1, 'en': 1}"
673,"{'en': 3, 'tl': 1}"
674,{'en': 15}
675,{'en': 8}
676,{'en': 6}
677,{'en': 6}
678,{}
679,{'en': 5}
680,{'en': 3}
681,"{'en': 2, 'af': 2, 'so': 1}"
682,{}
683,{'en': 4}
684,"{'en': 4, 'nl': 1}"
685,{}
686,{}
687,{'en': 1}
688,{'en': 7}
689,"{'en': 14, 'id': 1}"
690,"{'en': 7, 'sv': 1}"
691,"{'en': 16, 'da': 2}"
692,{'en': 2}
693,{}
694,{'en': 1}
695,{'en': 6}
696,{'en': 2}
697,{'en': 22}
698,{'en': 1}
699,{'en': 3}
700,{'en': 1}
701,{'en': 29}
702,"{'en': 8, 'fr': 1}"
703,"{'en': 2, 'ca': 1}"
704,{}
705,{'en': 5}
706,{'en': 4}
707,{'en': 2}
708,"{'en': 2, 'tr': 1}"
709,"{'en': 4, 'af': 1}"
710,{'en': 12}
711,{'en': 14}
712,"{'en': 12, 'fr': 1}"
713,"{'en': 1, 'id': 1, 'tr': 1}"
714,{'en': 2}
715,{'en': 3}
716,{'en': 2}
717,{'en': 8}
718,{'en': 9}
719,{'en': 2}
720,{'en': 5}
721,"{'en': 12, 'nl': 1}"
722,{'en': 5}
723,{'en': 3}
724,{'en': 1}
725,{'en': 3}
726,{}
727,{'en': 7}
728,{'en': 1}
729,{}
730,{'pl': 1}
731,"{'en': 6, 'sv': 1, 'so': 1}"
732,"{'cy': 1, 'en': 1}"
733,"{'en': 35, 'id': 1}"
734,{'en': 1}
735,{'en': 5}
736,"{'en': 8, 'cy': 1, 'sv': 1}"
737,{'sw': 1}
738,"{'en': 4, 'id': 1}"
739,{}
740,{'en': 1}
741,{'en': 1}
742,{'en': 3}
743,{}
744,"{'en': 32, 'tr': 2, 'id': 1}"
745,"{'en': 2, 'es': 1}"
746,{'so': 1}
747,"{'id': 1, 'tr': 1}"
748,{'en': 7}
749,{}
750,{}
751,{'en': 8}
752,{'en': 2}
753,"{'en': 6, 'id': 1}"
754,{'en': 2}
755,"{'en': 2, 'fr': 1}"
756,{}
757,"{'en': 6, 'no': 1, 'cy': 1}"
758,{'en': 3}
759,{'en': 1}
760,{'en': 1}
761,{'en': 7}
762,{}
763,{'en': 2}
764,{}
765,"{'en': 2, 'fr': 1}"
766,"{'en': 3, 'so': 1, 'id': 1, 'af': 1}"
767,"{'id': 1, 'tr': 1}"
768,{'en': 7}
769,{'en': 1}
770,{'en': 1}
771,"{'en': 5, 'so': 2}"
772,{'en': 14}
773,{}
774,{}
775,{'en': 1}
776,{'en': 1}
777,"{'id': 1, 'tr': 1}"
778,{'es': 1}
779,{'en': 1}
780,{'en': 1}
781,{'en': 4}
782,{}
783,{'en': 1}
784,{'en': 4}
785,"{'de': 2, 'en': 1}"
786,{'en': 14}
787,"{'en': 5, 'cy': 1}"
788,{'en': 5}
789,"{'pl': 2, 'en': 1, 'id': 1}"
790,{'en': 1}
791,{'en': 14}
792,"{'en': 8, 'sw': 1, 'fr': 1, 'id': 1}"
793,{'en': 10}
794,{'so': 1}
795,{'en': 1}
796,{'en': 2}
797,{'en': 1}
798,{'en': 1}
799,"{'id': 1, 'en': 1}"
800,{'en': 6}
801,"{'en': 3, 'cy': 1, 'so': 1}"
802,{'en': 4}
803,"{'en': 7, 'id': 1, 'it': 1}"
804,{'en': 8}
805,"{'en': 11, 'af': 1}"
806,{'en': 2}
807,{}
808,{'en': 6}
809,{'en': 10}
810,"{'en': 23, 'de': 1}"
811,{'en': 12}
812,{}
813,{'en': 7}
814,{'nl': 1}
815,{'en': 1}
816,"{'en': 26, 'cy': 1}"
817,{'en': 2}
818,{'en': 8}
819,{'en': 5}
820,{'en': 5}
821,"{'es': 4, 'tl': 1}"
822,{'en': 4}
823,{'en': 4}
824,"{'en': 6, 'pt': 1}"
825,{'en': 2}
826,{'en': 1}
827,{'en': 2}
828,{'en': 2}
829,{}
830,"{'id': 1, 'tr': 1}"
831,"{'en': 9, 'de': 1, 'fr': 1}"
832,"{'id': 6, 'en': 1}"
833,"{'en': 5, 'tl': 1}"
834,"{'en': 10, 'da': 1}"
835,{'en': 1}
836,"{'en': 3, 'tr': 1}"
837,{'en': 2}
838,"{'es': 4, 'tr': 1, 'cy': 1}"
839,"{'en': 5, 'id': 1}"
840,{'en': 7}
841,{'en': 6}
842,"{'en': 16, 'et': 1}"
843,"{'en': 7, 'id': 1}"
844,"{'en': 15, 'af': 1}"
845,"{'en': 9, 'id': 1, 'tl': 1}"
846,{'en': 1}
847,{'en': 2}
848,"{'en': 10, 'sw': 4}"
849,{'en': 7}
850,"{'en': 7, 'af': 1}"
851,"{'en': 2, 'tr': 1}"
852,{'en': 8}
853,"{'en': 1, 'tr': 1}"
854,{'en': 27}
855,{'en': 6}
856,"{'en': 31, 'fr': 1, 'no': 1}"
857,"{'en': 25, 'tr': 1}"
858,{}
859,{'en': 6}
860,{'en': 1}
861,"{'en': 4, 'tr': 2, 'it': 1}"
862,{'en': 5}
863,"{'en': 9, 'af': 1}"
864,{'en': 12}
865,"{'id': 2, 'en': 2}"
866,{'en': 11}
867,"{'en': 3, 'it': 1}"
868,{'en': 1}
869,"{'en': 2, 'cs': 2}"
870,"{'id': 1, 'en': 1}"
871,{}
872,{'en': 3}
873,{'en': 4}
874,{'en': 3}
875,{'en': 1}
876,"{'en': 6, 'da': 1, 'id': 1}"
877,{'en': 8}
878,{'en': 2}
879,{'en': 1}
880,{'en': 5}
881,{'en': 7}
882,{'en': 12}
883,{'en': 2}
884,"{'id': 2, 'tr': 1}"
885,{'en': 19}
886,"{'en': 2, 'fr': 1}"
887,{'en': 1}
888,{}
889,"{'es': 1, 'en': 1}"
890,"{'en': 1, 'pt': 1, 'sw': 1}"
891,{}
892,{'en': 1}
893,{'en': 1}
894,{'en': 13}
895,"{'en': 7, 'pt': 1}"
896,"{'en': 7, 'sv': 1}"
897,{'en': 11}
898,{'en': 4}
899,"{'en': 2, 'id': 1}"
900,{'en': 9}
901,"{'en': 3, 'so': 1}"
902,{'en': 7}
903,{'en': 2}
904,{'en': 17}
905,"{'en': 1, 'tr': 1}"
906,{'en': 19}
907,"{'en': 9, 'cs': 1, 'so': 1}"
908,{'en': 22}
909,"{'en': 8, 'cy': 1}"
910,{'en': 3}
911,"{'en': 3, 'so': 1}"
912,"{'en': 3, 'nl': 1}"
913,"{'en': 23, 'sv': 2, 'da': 1}"
914,"{'en': 8, 'af': 1}"
915,"{'id': 2, 'tr': 1}"
916,"{'en': 35, 'id': 1}"
917,{'en': 2}
918,{'en': 6}
919,"{'id': 1, 'en': 1}"
920,{'en': 2}
921,{'en': 1}
922,{'en': 2}
923,"{'id': 4, 'en': 1}"
924,{'en': 4}
925,"{'en': 3, 'id': 1}"
926,{'en': 19}
927,{'en': 6}
928,{'en': 7}
929,"{'es': 3, 'en': 1}"
930,{'en': 2}
931,"{'en': 6, 'af': 3, 'id': 2}"
932,"{'en': 10, 'ro': 1}"
933,{'en': 5}
934,"{'en': 13, 'fi': 1, 'id': 1}"
935,{'en': 3}
936,"{'da': 1, 'id': 1}"
937,"{'es': 5, 'fr': 2}"
938,"{'en': 17, 'fr': 1}"
939,{}
940,{'en': 2}
941,{'en': 11}
942,{'tl': 1}
943,{'en': 4}
944,{'en': 7}
945,{'en': 7}
946,{'en': 1}
947,{'en': 6}
948,{'en': 1}
949,"{'en': 16, 'nl': 2}"
950,{'en': 3}
951,"{'en': 3, 'sw': 1}"
952,{'en': 9}
953,{'no': 1}
954,{'en': 3}
955,"{'es': 4, 'cy': 1}"
956,"{'es': 2, 'it': 1, 'ca': 1}"
957,{}
958,"{'en': 22, 'sq': 2}"
959,{'en': 3}
960,"{'nl': 5, 'so': 1}"
961,"{'en': 13, 'id': 1}"
962,"{'en': 4, 'ca': 1}"
963,{'en': 5}
964,"{'en': 10, 'cy': 2, 'fr': 1}"
965,"{'en': 4, 'cy': 1}"
966,{'en': 13}
967,{'en': 3}
968,"{'es': 12, 'en': 1}"
969,{'en': 7}
970,{'en': 14}
971,"{'en': 6, 'da': 1}"
972,{'so': 1}
973,{'en': 3}
974,"{'en': 4, 'id': 2, 'cy': 1}"
975,{'en': 3}
976,"{'en': 8, 'tl': 2}"
977,{'en': 25}
978,{'en': 2}
979,"{'en': 24, 'cy': 1}"
980,{'en': 8}
981,{'en': 7}
982,{'en': 1}
983,{}
984,"{'en': 4, 'ro': 1}"
985,{'en': 15}
986,"{'en': 6, 'tl': 1}"
987,"{'en': 1, 'af': 1}"
988,"{'id': 1, 'tr': 1}"
989,"{'en': 2, 'sw': 1}"
990,{'en': 1}
991,{'en': 1}
992,{'en': 2}
993,{}
994,{'en': 1}
995,{'id': 4}
996,{}
997,{'id': 1}
998,{'en': 5}
999,{}
1000,"{'af': 1, 'en': 1, 'so': 1}"
1001,"{'en': 2, 'so': 1, 'id': 1, 'tr': 1}"
1002,{'en': 2}
1003,{'en': 1}
1004,{'en': 4}
1005,"{'en': 2, 'id': 1}"
1006,{'en': 8}
1007,{'en': 1}
1008,"{'en': 13, 'id': 1}"
1009,{'en': 2}
1010,"{'en': 13, 'cy': 1, 'da': 1}"
1011,{'cy': 1}
1012,"{'en': 14, 'nl': 1}"
1013,{'en': 1}
1014,{}
1015,"{'so': 1, 'id': 1, 'tr': 1}"
1016,{'en': 4}
1017,"{'en': 2, 'id': 1}"
1018,"{'en': 12, 'vi': 1, 'tr': 1, 'id': 1, 'pl': 1}"
1019,"{'en': 3, 'tl': 1, 'so': 1}"
1020,"{'en': 4, 'id': 1, 'tl': 1}"
1021,{'id': 2}
1022,{'en': 11}
1023,{'en': 8}
1024,{}
1025,{'en': 8}
1026,{'en': 5}
1027,"{'en': 2, 'fr': 1}"
1028,{'en': 3}
1029,{'en': 1}
1030,{'en': 11}
1031,"{'en': 10, 'af': 1}"
1032,"{'en': 11, 'af': 1}"
1033,{'en': 1}
1034,{'en': 1}
1035,{'en': 1}
1036,"{'en': 2, 'nl': 1}"
1037,"{'en': 6, 'id': 2}"
1038,{'en': 3}
1039,"{'en': 4, 'tr': 2, 'fr': 1, 'id': 1, 'tl': 1}"
1040,{'en': 1}
1041,"{'en': 5, 'de': 1, 'sw': 1, 'fr': 1}"
1042,"{'en': 4, 'tl': 1}"
1043,{'en': 2}
1044,{'es': 1}
1045,{'en': 8}
1046,"{'en': 1, 'id': 1}"
1047,"{'id': 1, 'de': 1, 'sq': 1}"
1048,{'en': 3}
1049,"{'en': 10, 'sv': 1}"
1050,{'en': 2}
1051,{'en': 3}
1052,"{'en': 3, 'id': 1, 'pl': 1}"
1053,{'en': 1}
1054,"{'es': 3, 'en': 1}"
1055,{}
1056,"{'en': 3, 'id': 2, 'tr': 1}"
1057,"{'en': 18, 'cy': 1}"
1058,{'en': 1}
1059,{'en': 6}
1060,{'en': 1}
1061,{'en': 1}
1062,{'en': 2}
1063,{'en': 2}
1064,"{'en': 12, 'id': 1}"
1065,"{'en': 5, 'tl': 3, 'nl': 1}"
1066,{'en': 4}
1067,{}
1068,{'en': 13}
1069,{'en': 8}
1070,{}
1071,{'en': 8}
1072,"{'en': 9, 'vi': 1}"
1073,"{'en': 44, 'da': 1, 'fr': 1}"
1074,{'en': 7}
1075,"{'en': 2, 'tl': 1}"
1076,{'en': 3}
1077,{'en': 6}
1078,{'en': 8}
1079,"{'en': 11, 'tr': 1}"
1080,{}
1081,"{'en': 4, 'tr': 1}"
1082,"{'it': 1, 'es': 1}"
1083,{}
1084,{}
1085,{'en': 4}
1086,"{'en': 6, 'id': 1, 'af': 1}"
1087,"{'en': 25, 'sl': 8, 'id': 2, 'tr': 2, 'af': 1}"
1088,{'en': 4}
1089,"{'en': 3, 'tr': 1}"
1090,"{'en': 2, 'nl': 1}"
1091,"{'en': 3, 'es': 1, 'ca': 1}"
1092,"{'en': 3, 'id': 1}"
1093,"{'en': 9, 'sw': 1, 'sv': 1, 'tr': 1}"
1094,{'en': 2}
1095,"{'en': 6, 'fr': 1}"
1096,"{'id': 1, 'en': 1}"
1097,"{'en': 1, 'id': 1, 'tr': 1}"
1098,{'en': 7}
1099,{'en': 27}
1100,{'en': 2}
1101,{'en': 2}
1102,{'en': 2}
1103,"{'en': 3, 'af': 1}"
1104,"{'en': 4, 'pt': 1}"
1105,"{'fr': 1, 'en': 1, 'id': 1}"
1106,"{'en': 3, 'id': 2, 'pt': 1, 'tr': 1}"
1107,{'en': 5}
1108,"{'en': 11, 'sq': 1, 'fr': 1}"
1109,{'en': 3}
1110,"{'en': 21, 'tl': 2}"
1111,{'en': 2}
1112,{}
1113,{'en': 5}
1114,{'en': 1}
1115,"{'fr': 1, 'en': 1}"
1116,{'es': 2}
1117,{}
1118,{'en': 10}
1119,"{'en': 33, 'cy': 1}"
1120,"{'en': 14, 'da': 1}"
1121,{'en': 10}
1122,{'en': 10}
1123,{'en': 6}
1124,"{'en': 18, 'da': 1, 'et': 1}"
1125,"{'en': 11, 'fr': 3, 'no': 3}"
1126,{'en': 4}
1127,{'en': 2}
1128,{'en': 1}
1129,{'en': 3}
1130,{}
1131,"{'en': 22, 'de': 1, 'so': 1, 'nl': 1}"
1132,{'en': 7}
1133,{'en': 1}
1134,{'en': 16}
1135,"{'en': 9, 'af': 1}"
1136,"{'en': 3, 'it': 1}"
1137,"{'en': 30, 'sv': 1, 'af': 1, 'so': 1}"
1138,{'en': 5}
1139,{'en': 1}
1140,{'en': 5}
1141,{'en': 10}
1142,"{'en': 44, 'cy': 2, 'so': 2, 'id': 2}"
1143,{'en': 1}
1144,"{'en': 12, 'id': 2, 'tr': 1}"
1145,{'en': 4}
1146,{'en': 6}
1147,{'da': 1}
1148,"{'en': 6, 'it': 1}"
1149,{'en': 30}
1150,{'en': 3}
1151,{'en': 3}
1152,{'en': 4}
1153,{'en': 4}
1154,{'en': 3}
1155,"{'en': 11, 'pt': 1}"
1156,{'en': 5}
1157,{'en': 22}
1158,{'en': 6}
1159,{'en': 23}
1160,{'en': 5}
1161,{'en': 33}
1162,{'en': 2}
1163,{'en': 19}
1164,"{'en': 6, 'af': 1}"
1165,{'en': 5}
1166,{'en': 2}
1167,"{'en': 4, 'af': 2}"
1168,{'en': 4}
1169,{'en': 12}
1170,{'en': 3}
1171,"{'id': 3, 'en': 1, 'tr': 1}"
1172,{'en': 2}
1173,"{'en': 7, 'id': 3, 'tl': 1}"
1174,{'en': 5}
1175,"{'en': 12, 'it': 1, 'pt': 1, 'da': 1}"
1176,{'en': 4}
1177,{'en': 30}
1178,{'en': 2}
1179,{'en': 1}
1180,"{'en': 6, 'tl': 4}"
1181,"{'en': 13, 'nl': 1, 'cy': 1}"
1182,{}
1183,{}
1184,"{'en': 2, 'tr': 1}"
1185,"{'en': 14, 'pt': 4, 'no': 1}"
1186,"{'pt': 1, 'tr': 1}"
1187,{}
1188,"{'en': 4, 'tr': 1}"
1189,{}
1190,{'en': 1}
1191,{'en': 2}
1192,{'pt': 1}
1193,{'en': 7}
1194,{'id': 1}
1195,"{'en': 10, 'id': 2}"
1196,{'en': 8}
1197,{'en': 1}
1198,{'en': 1}
1199,"{'en': 20, 'so': 1}"
1200,"{'en': 10, 'es': 1}"
1201,"{'en': 10, 'fr': 1}"
1202,"{'en': 6, 'sw': 1}"
1203,{'en': 3}
1204,{}
1205,"{'en': 27, 'ca': 10, 'es': 6}"
1206,{}
1207,{'en': 1}
1208,"{'en': 18, 'so': 1}"
1209,{'en': 1}
1210,"{'en': 9, 'pt': 4, 'so': 1}"
1211,{}
1212,{'en': 3}
1213,{'en': 12}
1214,"{'en': 9, 'tr': 3, 'id': 3, 'so': 1}"
1215,{'en': 3}
1216,{}
1217,{'en': 3}
1218,{'en': 1}
1219,{'en': 2}
1220,"{'id': 2, 'tr': 1}"
1221,{}
1222,{'en': 7}
1223,{'en': 4}
1224,{'en': 1}
1225,{'en': 5}
1226,{'en': 3}
1227,"{'en': 1, 'so': 1}"
1228,{'en': 1}
1229,{}
1230,"{'en': 2, 'it': 1, 'cy': 1}"
1231,{}
1232,"{'en': 11, 'tr': 4}"
1233,"{'en': 3, 'it': 1}"
1234,{}
1235,{'en': 1}
1236,"{'en': 1, 'fr': 1}"
1237,{'en': 1}
1238,{'en': 3}
1239,"{'en': 2, 'no': 1}"
1240,{'en': 10}
1241,{'en': 19}
1242,"{'en': 8, 'so': 1, 'tr': 1}"
1243,"{'en': 4, 'ca': 2, 'fi': 1}"
1244,{'en': 1}
1245,"{'en': 2, 'pt': 1, 'id': 1}"
1246,{'en': 3}
1247,"{'en': 4, 'it': 1}"
1248,"{'en': 12, 'id': 2, 'sw': 1, 'sq': 1, 'tl': 1}"
1249,{'en': 1}
1250,{}
1251,{'en': 1}
1252,{}
1253,{'en': 1}
1254,"{'en': 3, 'id': 1, 'so': 1, 'cy': 1, 'fi': 1}"
1255,{'en': 1}
1256,"{'so': 1, 'en': 1}"
1257,"{'tl': 8, 'en': 3}"
1258,{'en': 2}
1259,"{'en': 8, 'id': 5, 'cy': 1, 'tr': 1}"
1260,{'it': 1}
1261,{}
1262,{'es': 1}
1263,{}
1264,{'en': 2}
1265,{}
1266,"{'en': 8, 'pl': 1}"
1267,{'en': 3}
1268,{}
1269,"{'id': 2, 'tr': 1, 'sv': 1}"
1270,{'en': 1}
1271,"{'en': 12, 'nl': 1, 'id': 1}"
1272,{'en': 1}
1273,"{'en': 31, 'so': 2, 'fr': 1, 'tr': 1}"
1274,"{'en': 9, 'de': 1, 'et': 1}"
1275,"{'en': 6, 'de': 1}"
1276,"{'id': 2, 'tr': 1}"
1277,{'en': 2}
1278,{'en': 6}
1279,{'en': 6}
1280,{'en': 13}
1281,"{'en': 32, 'hu': 1}"
1282,{'en': 15}
1283,{'en': 2}
1284,{'en': 47}
1285,"{'en': 1, 'no': 1}"
1286,"{'en': 14, 'tl': 2}"
1287,{'en': 12}
1288,{'en': 1}
1289,{}
1290,"{'en': 18, 'it': 1, 'tl': 1}"
1291,{}
1292,"{'en': 2, 'tr': 1}"
1293,{'en': 1}
1294,"{'en': 6, 'no': 1, 'tr': 1}"
1295,"{'en': 1, 'id': 1}"
1296,"{'en': 8, 'sl': 1}"
1297,{'en': 5}
1298,"{'id': 2, 'tr': 1, 'ro': 1, 'en': 1}"
1299,{}
1300,{'en': 4}
1301,{'en': 5}
1302,{'en': 16}
1303,"{'en': 23, 'so': 2, 'tr': 1, 'fi': 1, 'fr': 1}"
1304,{'en': 19}
1305,{'en': 2}
1306,{'en': 2}
1307,{'en': 1}
1308,{'en': 2}
1309,"{'en': 3, 'it': 1, 'tl': 1}"
1310,{'en': 3}
1311,{'en': 1}
1312,{'en': 1}
1313,"{'en': 4, 'fr': 1}"
1314,{'en': 2}
1315,{'en': 1}
1316,"{'en': 2, 'id': 1}"
1317,{'en': 5}
1318,{'en': 11}
1319,{'en': 1}
1320,{}
1321,{'en': 6}
